1000|Addison-Wesley Professional|admin@addison-wesley.com
1001|OReilly Media|contacts@oreillymedia.org
1002|CreateSpace Independent Publishing Platform|creative@creatspaceplatform.com
1003|For Dummies|welcome@fordummies.com
1004|Microsoft Corporation CA|press@microsoft.ca
1005|Apple Inc CA|appleCA@apple.com
1006|Google Inc|googleMain@google.com
